path	line	kind	qualified_name	signature_or_base
benchmarks/python/bench_py_client_rust_server.py	105	function	test_bip_write_property_latency	(bip_client)
benchmarks/python/bench_py_client_rust_server.py	119	function	test_bip_rpm_latency	(bip_client)
benchmarks/python/bench_py_client_rust_server.py	137	function	test_bip_cov_subscribe_latency	(bip_client)
benchmarks/python/bench_py_client_rust_server.py	152	function	test_bip_whois_latency	(bip_client)
benchmarks/python/bench_py_client_rust_server.py	171	function	test_bip_concurrency_scaling	(bip_client, concurrency)
benchmarks/python/bench_py_client_rust_server.py	197	function	test_bip_memory_usage	(bip_client)
benchmarks/python/bench_py_client_rust_server.py	45	function	bip_server	()
benchmarks/python/bench_py_client_rust_server.py	57	function	bip_client	(bip_server)
benchmarks/python/bench_py_client_rust_server.py	65	function	async_bench	(coro_fn, warmup=WARMUP, rounds=ROUNDS)
benchmarks/python/bench_py_client_rust_server.py	80	function	test_bip_read_property_latency	(bip_client)
benchmarks/python/bench_py_client_rust_server.py	91	function	test_bip_read_property_throughput	(bip_client)
benchmarks/python/bench_py_py.py	102	function	test_pypy_bip_write_property_latency	(py_client)
benchmarks/python/bench_py_py.py	115	function	test_pypy_bip_rpm_latency	(py_client)
benchmarks/python/bench_py_py.py	132	function	test_pypy_bip_cov_subscribe_latency	(py_client)
benchmarks/python/bench_py_py.py	146	function	test_pypy_bip_whois_latency	(py_client)
benchmarks/python/bench_py_py.py	165	function	test_pypy_bip_concurrency_scaling	(py_client, concurrency)
benchmarks/python/bench_py_py.py	191	function	test_pypy_bip_memory_usage	(py_client)
benchmarks/python/bench_py_py.py	41	function	py_server	()
benchmarks/python/bench_py_py.py	54	function	py_client	(py_server)
benchmarks/python/bench_py_py.py	63	function	async_bench	(coro_fn, warmup=WARMUP, rounds=ROUNDS)
benchmarks/python/bench_py_py.py	78	function	test_pypy_bip_read_property_latency	(py_client)
benchmarks/python/bench_py_py.py	89	function	test_pypy_bip_read_property_throughput	(py_client)
benchmarks/python/bench_rust_client_py_server.py	103	function	test_rust_py_bip_write_property_latency	(rust_proxy_client)
benchmarks/python/bench_rust_client_py_server.py	116	function	test_rust_py_bip_rpm_latency	(rust_proxy_client)
benchmarks/python/bench_rust_client_py_server.py	133	function	test_rust_py_bip_cov_subscribe_latency	(rust_proxy_client)
benchmarks/python/bench_rust_client_py_server.py	147	function	test_rust_py_bip_whois_latency	(rust_proxy_client)
benchmarks/python/bench_rust_client_py_server.py	166	function	test_rust_py_bip_concurrency_scaling	(rust_proxy_client, concurrency)
benchmarks/python/bench_rust_client_py_server.py	192	function	test_rust_py_bip_memory_usage	(rust_proxy_client)
benchmarks/python/bench_rust_client_py_server.py	42	function	py_server_for_rust	()
benchmarks/python/bench_rust_client_py_server.py	55	function	rust_proxy_client	(py_server_for_rust)
benchmarks/python/bench_rust_client_py_server.py	64	function	async_bench	(coro_fn, warmup=WARMUP, rounds=ROUNDS)
benchmarks/python/bench_rust_client_py_server.py	79	function	test_rust_py_bip_read_property_latency	(rust_proxy_client)
benchmarks/python/bench_rust_client_py_server.py	90	function	test_rust_py_bip_read_property_throughput	(rust_proxy_client)
benchmarks/python/bench_sc.py	114	function	sc_client	(sc_server, sc_hub, certs)
benchmarks/python/bench_sc.py	143	function	async_bench	(coro_fn, warmup=WARMUP, rounds=ROUNDS)
benchmarks/python/bench_sc.py	158	function	test_sc_read_property_latency	(sc_client)
benchmarks/python/bench_sc.py	170	function	test_sc_read_property_throughput	(sc_client)
benchmarks/python/bench_sc.py	184	function	test_sc_write_property_latency	(sc_client)
benchmarks/python/bench_sc.py	198	function	test_sc_rpm_latency	(sc_client)
benchmarks/python/bench_sc.py	216	function	test_sc_cov_subscribe_latency	(sc_client)
benchmarks/python/bench_sc.py	235	function	test_sc_concurrency_scaling	(sc_client, concurrency)
benchmarks/python/bench_sc.py	262	function	test_sc_memory_usage	(sc_client)
benchmarks/python/bench_sc.py	43	function	certs	()
benchmarks/python/bench_sc.py	50	function	sc_hub	(certs)
benchmarks/python/bench_sc.py	68	function	test_sc_mtls_preflight	(sc_hub, certs)
benchmarks/python/bench_sc.py	95	function	sc_server	(sc_hub, certs)
benchmarks/python/helpers.py	111	class	LatencyTracker	()
benchmarks/python/helpers.py	114	method	LatencyTracker.__init__	(self)
benchmarks/python/helpers.py	117	method	LatencyTracker.record	(self, ns: int)
benchmarks/python/helpers.py	120	method	LatencyTracker.stats	(self)
benchmarks/python/helpers.py	136	function	format_stats	(stats: dict)
benchmarks/python/helpers.py	36	function	populate_server	(server)
benchmarks/python/helpers.py	47	class	TlsCerts	()
benchmarks/python/helpers.py	56	method	TlsCerts.cleanup	(self)
benchmarks/python/helpers.py	61	function	generate_tls_certs	()
crates/rusty-bacnet/rusty_bacnet.pyi	1006	exception	BacnetAbortError	(BacnetError)
crates/rusty-bacnet/rusty_bacnet.pyi	1019	class	BACnetClient	()
crates/rusty-bacnet/rusty_bacnet.pyi	1052	method	BACnetClient.__init__	(self, interface: str='0.0.0.0', port: int=47808, broadcast_address: str='255.255.255.255', apdu_timeout_ms: int=6000, transport: str='bip', sc_hub: Optional[str]=None, sc_vmac: Optional[bytes]=None, sc_ca_cert: Optional[str]=None, sc_client_cert: Optional[str]=None, sc_client_key: Optional[str]=None, sc_heartbeat_interval_ms: Optional[int]=None, sc_heartbeat_timeout_ms: Optional[int]=None, ipv6_interface: Optional[str]=None, *, serial_port: Optional[str]=None, mstp_baud: int=38400, mstp_mac: int=1, mstp_max_master: int=127, mstp_max_info_frames: int=1, sc_device_uuid: Optional[bytes | bytearray]=None)
crates/rusty-bacnet/rusty_bacnet.pyi	1076	method	BACnetClient.__aenter__	(self)
crates/rusty-bacnet/rusty_bacnet.pyi	1077	method	BACnetClient.__aexit__	(self, _exc_type: Any=None, _exc_val: Any=None, _exc_tb: Any=None)
crates/rusty-bacnet/rusty_bacnet.pyi	1086	method	BACnetClient.read_property	(self, address: str, object_id: ObjectIdentifier, property_id: PropertyIdentifier, array_index: Optional[int]=None)
crates/rusty-bacnet/rusty_bacnet.pyi	1096	method	BACnetClient.write_property	(self, address: str, object_id: ObjectIdentifier, property_id: PropertyIdentifier, value: PropertyValue, priority: Optional[int]=None, array_index: Optional[int]=None)
crates/rusty-bacnet/rusty_bacnet.pyi	1108	method	BACnetClient.read_property_multiple	(self, address: str, specs: list[tuple[ObjectIdentifier, list[tuple[PropertyIdentifier, Optional[int]]]]])
crates/rusty-bacnet/rusty_bacnet.pyi	1122	method	BACnetClient.write_property_multiple	(self, address: str, specs: list[tuple[ObjectIdentifier, list[tuple[PropertyIdentifier, PropertyValue, Optional[int], Optional[int]]]]])
crates/rusty-bacnet/rusty_bacnet.pyi	1140	method	BACnetClient.read_property_from_devices	(self, requests: list[tuple[int, ObjectIdentifier, PropertyIdentifier, Optional[int]]], max_concurrent: Optional[int]=None)
crates/rusty-bacnet/rusty_bacnet.pyi	1154	method	BACnetClient.read_property_multiple_from_devices	(self, requests: list[tuple[int, list[tuple[ObjectIdentifier, list[tuple[PropertyIdentifier, Optional[int]]]]]]], max_concurrent: Optional[int]=None)
crates/rusty-bacnet/rusty_bacnet.pyi	1172	method	BACnetClient.write_property_to_devices	(self, requests: list[tuple[int, ObjectIdentifier, PropertyIdentifier, PropertyValue, Optional[int], Optional[int]]], max_concurrent: Optional[int]=None)
crates/rusty-bacnet/rusty_bacnet.pyi	1188	method	BACnetClient.who_is	(self, low_limit: Optional[int]=None, high_limit: Optional[int]=None)
crates/rusty-bacnet/rusty_bacnet.pyi	1197	method	BACnetClient.discover	(self, timeout_ms: int=3000, low_limit: Optional[int]=None, high_limit: Optional[int]=None)
crates/rusty-bacnet/rusty_bacnet.pyi	1206	method	BACnetClient.who_has_by_id	(self, object_id: ObjectIdentifier, low_limit: Optional[int]=None, high_limit: Optional[int]=None)
crates/rusty-bacnet/rusty_bacnet.pyi	1215	method	BACnetClient.who_has_by_name	(self, name: str, low_limit: Optional[int]=None, high_limit: Optional[int]=None)
crates/rusty-bacnet/rusty_bacnet.pyi	1224	method	BACnetClient.discovered_devices	(self)
crates/rusty-bacnet/rusty_bacnet.pyi	1228	method	BACnetClient.get_device	(self, instance: int)
crates/rusty-bacnet/rusty_bacnet.pyi	1232	method	BACnetClient.clear_devices	(self)
crates/rusty-bacnet/rusty_bacnet.pyi	1236	method	BACnetClient.who_am_i	(self)
crates/rusty-bacnet/rusty_bacnet.pyi	1240	method	BACnetClient.who_is_directed	(self, address: str, low_limit: Optional[int]=None, high_limit: Optional[int]=None)
crates/rusty-bacnet/rusty_bacnet.pyi	1251	method	BACnetClient.time_synchronization	(self, address: str, date: tuple[int, int, int, int], time: tuple[int, int, int, int])
crates/rusty-bacnet/rusty_bacnet.pyi	1264	method	BACnetClient.utc_time_synchronization	(self, address: str, date: tuple[int, int, int, int], time: tuple[int, int, int, int])
crates/rusty-bacnet/rusty_bacnet.pyi	1275	method	BACnetClient.read_property_from_device	(self, device_instance: int, object_id: ObjectIdentifier, property_id: PropertyIdentifier, array_index: Optional[int]=None)
crates/rusty-bacnet/rusty_bacnet.pyi	1285	method	BACnetClient.read_property_multiple_from_device	(self, device_instance: int, specs: list[tuple[ObjectIdentifier, list[tuple[PropertyIdentifier, Optional[int]]]]])
crates/rusty-bacnet/rusty_bacnet.pyi	1295	method	BACnetClient.write_property_to_device	(self, device_instance: int, object_id: ObjectIdentifier, property_id: PropertyIdentifier, value: PropertyValue, priority: Optional[int]=None, array_index: Optional[int]=None)
crates/rusty-bacnet/rusty_bacnet.pyi	1307	method	BACnetClient.write_property_multiple_to_device	(self, device_instance: int, specs: list[tuple[ObjectIdentifier, list[tuple[PropertyIdentifier, PropertyValue, Optional[int], Optional[int]]]]])
crates/rusty-bacnet/rusty_bacnet.pyi	1320	method	BACnetClient.add_device	(self, device_instance: int, address: str)
crates/rusty-bacnet/rusty_bacnet.pyi	1328	method	BACnetClient.subscribe_cov	(self, address: str, subscriber_process_identifier: int, monitored_object_identifier: ObjectIdentifier, confirmed: bool, lifetime: Optional[int]=None)
crates/rusty-bacnet/rusty_bacnet.pyi	1339	method	BACnetClient.unsubscribe_cov	(self, address: str, subscriber_process_identifier: int, monitored_object_identifier: ObjectIdentifier)
crates/rusty-bacnet/rusty_bacnet.pyi	1348	method	BACnetClient.subscribe_cov_property_multiple	(self, address: str, subscriber_process_identifier: int, specs: list[tuple[ObjectIdentifier, list[tuple[PropertyIdentifier, Optional[int], Optional[float], bool]]]], issue_confirmed_notifications: bool, max_notification_delay: Optional[int]=None, lifetime: Optional[int]=None)
crates/rusty-bacnet/rusty_bacnet.pyi	1371	method	BACnetClient.cov_notifications	(self)
crates/rusty-bacnet/rusty_bacnet.pyi	1377	method	BACnetClient.delete_object	(self, address: str, object_id: ObjectIdentifier)
crates/rusty-bacnet/rusty_bacnet.pyi	1383	method	BACnetClient.create_object	(self, address: str, object_specifier: Union[ObjectType, ObjectIdentifier], initial_values: Optional[list[tuple[PropertyIdentifier, PropertyValue, Optional[int], Optional[int]]]]=None)
crates/rusty-bacnet/rusty_bacnet.pyi	1402	method	BACnetClient.device_communication_control	(self, address: str, enable_disable: EnableDisable, time_duration: Optional[int]=None, password: Optional[str]=None)
crates/rusty-bacnet/rusty_bacnet.pyi	1412	method	BACnetClient.reinitialize_device	(self, address: str, reinitialized_state: ReinitializedState, password: Optional[str]=None)
crates/rusty-bacnet/rusty_bacnet.pyi	1423	method	BACnetClient.acknowledge_alarm_request	(self, address: str, acknowledging_process_identifier: int, event_object_identifier: ObjectIdentifier, event_state_acknowledged: int, timestamp: BACnetTimeStamp, acknowledgment_source: str, time_of_acknowledgment: BACnetTimeStamp)
crates/rusty-bacnet/rusty_bacnet.pyi	1440	method	BACnetClient.acknowledge_alarm	(self, address: str, acknowledging_process_identifier: int, event_object_identifier: ObjectIdentifier, event_state_acknowledged: int, acknowledgment_source: str)
crates/rusty-bacnet/rusty_bacnet.pyi	1455	method	BACnetClient.get_event_information	(self, address: str, last_received_object_identifier: Optional[ObjectIdentifier]=None)
crates/rusty-bacnet/rusty_bacnet.pyi	1463	method	BACnetClient.get_alarm_summary	(self, address: str)
crates/rusty-bacnet/rusty_bacnet.pyi	1471	method	BACnetClient.get_enrollment_summary	(self, address: str, acknowledgment_filter: int=0, event_state_filter: Optional[EnrollmentSummaryEventStateFilter]=None, event_type_filter: Optional[EventType]=None, min_priority: Optional[int]=None, max_priority: Optional[int]=None, notification_class_filter: Optional[int]=None)
crates/rusty-bacnet/rusty_bacnet.pyi	1491	method	BACnetClient.read_range	(self, address: str, object_id: ObjectIdentifier, property_id: PropertyIdentifier, array_index: Optional[int]=None, range_type: Optional[str]=None, reference_index: Optional[int]=None, reference_seq: Optional[int]=None, count: Optional[int]=None)
crates/rusty-bacnet/rusty_bacnet.pyi	1513	method	BACnetClient.atomic_read_file	(self, address: str, file_identifier: ObjectIdentifier, access_method: str, start_position: int=0, requested_octet_count: int=0, start_record: int=0, requested_record_count: int=0)
crates/rusty-bacnet/rusty_bacnet.pyi	1527	method	BACnetClient.atomic_write_file	(self, address: str, file_identifier: ObjectIdentifier, access_method: str, start_position: int=0, file_data: bytes=b'', start_record: int=0, record_count: int=0, file_record_data: Optional[list[bytes]]=None)
crates/rusty-bacnet/rusty_bacnet.pyi	1544	method	BACnetClient.add_list_element	(self, address: str, object_id: ObjectIdentifier, property_id: PropertyIdentifier, list_of_elements: bytes, array_index: Optional[int]=None)
crates/rusty-bacnet/rusty_bacnet.pyi	1555	method	BACnetClient.remove_list_element	(self, address: str, object_id: ObjectIdentifier, property_id: PropertyIdentifier, list_of_elements: bytes, array_index: Optional[int]=None)
crates/rusty-bacnet/rusty_bacnet.pyi	1568	method	BACnetClient.confirmed_private_transfer	(self, address: str, vendor_id: int, service_number: int, service_parameters: Optional[bytes]=None)
crates/rusty-bacnet/rusty_bacnet.pyi	1581	method	BACnetClient.unconfirmed_private_transfer	(self, address: str, vendor_id: int, service_number: int, service_parameters: Optional[bytes]=None)
crates/rusty-bacnet/rusty_bacnet.pyi	1593	method	BACnetClient.confirmed_text_message	(self, address: str, source_device: ObjectIdentifier, message_priority: MessagePriority, message: str, message_class_type: Optional[str]=None, message_class_value: Optional[Any]=None)
crates/rusty-bacnet/rusty_bacnet.pyi	16	class	ObjectType	()
crates/rusty-bacnet/rusty_bacnet.pyi	1608	method	BACnetClient.unconfirmed_text_message	(self, address: str, source_device: ObjectIdentifier, message_priority: MessagePriority, message: str, message_class_type: Optional[str]=None, message_class_value: Optional[Any]=None)
crates/rusty-bacnet/rusty_bacnet.pyi	1622	method	BACnetClient.life_safety_operation	(self, address: str, requesting_process_identifier: int, requesting_source: str, operation: LifeSafetyOperation, object_identifier: Optional[ObjectIdentifier]=None)
crates/rusty-bacnet/rusty_bacnet.pyi	1635	method	BACnetClient.write_group	(self, address: str, group_number: int, write_priority: int, change_list: list[tuple[Optional[ObjectIdentifier], Optional[int], bytes]], inhibit_delay: Optional[bool]=None)
crates/rusty-bacnet/rusty_bacnet.pyi	1652	method	BACnetClient.vt_open	(self, address: str, vt_class: int)
crates/rusty-bacnet/rusty_bacnet.pyi	1656	method	BACnetClient.vt_close	(self, address: str, session_ids: list[int])
crates/rusty-bacnet/rusty_bacnet.pyi	1660	method	BACnetClient.vt_data	(self, address: str, session_id: int, data: bytes, data_flag: bool)
crates/rusty-bacnet/rusty_bacnet.pyi	1675	method	BACnetClient.confirmed_audit_notification_typed	(self, address: str, request: AuditNotificationRequestInput)
crates/rusty-bacnet/rusty_bacnet.pyi	1683	method	BACnetClient.unconfirmed_audit_notification_typed	(self, address: str, request: AuditNotificationRequestInput)
crates/rusty-bacnet/rusty_bacnet.pyi	1691	method	BACnetClient.audit_log_query_typed	(self, address: str, request: AuditLogQueryRequestInput)
crates/rusty-bacnet/rusty_bacnet.pyi	1699	method	BACnetClient.confirmed_audit_notification	(self, address: str, service_data: bytes)
crates/rusty-bacnet/rusty_bacnet.pyi	1709	method	BACnetClient.unconfirmed_audit_notification	(self, address: str, service_data: bytes)
crates/rusty-bacnet/rusty_bacnet.pyi	1719	method	BACnetClient.audit_log_query	(self, address: str, service_data: bytes)
crates/rusty-bacnet/rusty_bacnet.pyi	1733	method	BACnetClient.stop	(self)
crates/rusty-bacnet/rusty_bacnet.pyi	1742	class	DccOutcomeCounters	(TypedDict)
crates/rusty-bacnet/rusty_bacnet.pyi	1750	class	RequestAdmissionCounters	(TypedDict)
crates/rusty-bacnet/rusty_bacnet.pyi	1772	class	BACnetServer	()
crates/rusty-bacnet/rusty_bacnet.pyi	1797	method	BACnetServer.__init__	(self, device_instance: int, device_name: str='BACnet Device', interface: str='0.0.0.0', port: int=47808, broadcast_address: str='255.255.255.255', transport: str='bip', sc_hub: Optional[str]=None, sc_vmac: Optional[bytes]=None, sc_ca_cert: Optional[str]=None, sc_client_cert: Optional[str]=None, sc_client_key: Optional[str]=None, sc_heartbeat_interval_ms: Optional[int]=None, sc_heartbeat_timeout_ms: Optional[int]=None, ipv6_interface: Optional[str]=None, dcc_password: Optional[str]=None, reinit_password: Optional[str]=None, *, dcc_policy: str='deny_all', dcc_source_restriction: list[tuple[int | None, bytes]] | None=None, dcc_disable_rate_limit: tuple[int, int] | None=None, serial_port: Optional[str]=None, mstp_baud: int=38400, mstp_mac: int=1, mstp_max_master: int=127, mstp_max_info_frames: int=1, max_confirmed_in_flight: int=64, max_unconfirmed_in_flight: int=32, max_confirmed_in_flight_per_peer: int=16, max_unconfirmed_in_flight_per_peer: int=8, confirmed_recovery_reserve: int=4, max_recovery_in_flight_per_peer: int=1, rpm_max_result_elements: int=256, rpm_max_service_ack_bytes: int=16384, alarm_summary_max_objects: int=4096, alarm_summary_max_service_ack_bytes: int=16384, enrollment_summary_max_objects: int=4096, enrollment_summary_max_service_ack_bytes: int=16384, atomic_read_file_max_requested_stream_octets: int=16384, atomic_read_file_max_requested_records: int=256, atomic_read_file_max_service_ack_bytes: int=16384, atomic_write_file_max_stream_payload_octets: int=16384, atomic_write_file_max_records: int=256, atomic_write_file_max_record_payload_bytes: int=16384, read_range_max_returned_items: int=256, read_range_max_service_ack_bytes: int=16384, event_information_max_objects: int=4096, event_information_max_returned_summaries: int=256, event_information_max_service_ack_bytes: int=16384, sc_device_uuid: Optional[bytes | bytearray]=None)
crates/rusty-bacnet/rusty_bacnet.pyi	1851	method	BACnetServer.add_analog_input	(self, instance: int, name: str, units: int=62, present_value: float=0.0)
crates/rusty-bacnet/rusty_bacnet.pyi	1852	method	BACnetServer.add_analog_output	(self, instance: int, name: str, units: int=62)
crates/rusty-bacnet/rusty_bacnet.pyi	1853	method	BACnetServer.add_analog_value	(self, instance: int, name: str, units: int=62)
crates/rusty-bacnet/rusty_bacnet.pyi	1856	method	BACnetServer.add_binary_input	(self, instance: int, name: str)
crates/rusty-bacnet/rusty_bacnet.pyi	1857	method	BACnetServer.add_binary_output	(self, instance: int, name: str)
crates/rusty-bacnet/rusty_bacnet.pyi	1858	method	BACnetServer.add_binary_value	(self, instance: int, name: str)
crates/rusty-bacnet/rusty_bacnet.pyi	1861	method	BACnetServer.add_multistate_input	(self, instance: int, name: str, number_of_states: int)
crates/rusty-bacnet/rusty_bacnet.pyi	1862	method	BACnetServer.add_multistate_output	(self, instance: int, name: str, number_of_states: int)
crates/rusty-bacnet/rusty_bacnet.pyi	1863	method	BACnetServer.add_multistate_value	(self, instance: int, name: str, number_of_states: int)
crates/rusty-bacnet/rusty_bacnet.pyi	1866	method	BACnetServer.add_calendar	(self, instance: int, name: str)
crates/rusty-bacnet/rusty_bacnet.pyi	1867	method	BACnetServer.add_schedule	(self, instance: int, name: str)
crates/rusty-bacnet/rusty_bacnet.pyi	1868	method	BACnetServer.add_date_value	(self, instance: int, name: str)
crates/rusty-bacnet/rusty_bacnet.pyi	1869	method	BACnetServer.add_time_value	(self, instance: int, name: str)
crates/rusty-bacnet/rusty_bacnet.pyi	1870	method	BACnetServer.add_date_time_value	(self, instance: int, name: str)
crates/rusty-bacnet/rusty_bacnet.pyi	1871	method	BACnetServer.add_date_pattern_value	(self, instance: int, name: str)
crates/rusty-bacnet/rusty_bacnet.pyi	1872	method	BACnetServer.add_time_pattern_value	(self, instance: int, name: str)
crates/rusty-bacnet/rusty_bacnet.pyi	1873	method	BACnetServer.add_date_time_pattern_value	(self, instance: int, name: str)
crates/rusty-bacnet/rusty_bacnet.pyi	1876	method	BACnetServer.add_notification_class	(self, instance: int, name: str, notification_class: int=0)
crates/rusty-bacnet/rusty_bacnet.pyi	1877	method	BACnetServer.add_trend_log	(self, instance: int, name: str, buffer_size: int=100)
crates/rusty-bacnet/rusty_bacnet.pyi	1878	method	BACnetServer.add_trend_log_multiple	(self, instance: int, name: str, buffer_size: int=100)
crates/rusty-bacnet/rusty_bacnet.pyi	1879	method	BACnetServer.add_event_log	(self, instance: int, name: str, buffer_size: int=100)
crates/rusty-bacnet/rusty_bacnet.pyi	1880	method	BACnetServer.add_audit_log	(self, instance: int, name: str, storage_path: str, buffer_size: int=100)
crates/rusty-bacnet/rusty_bacnet.pyi	1881	method	BACnetServer.add_audit_reporter	(self, instance: int, name: str)
crates/rusty-bacnet/rusty_bacnet.pyi	1884	method	BACnetServer.add_loop	(self, instance: int, name: str, output_units: int=62)
crates/rusty-bacnet/rusty_bacnet.pyi	1885	method	BACnetServer.add_command	(self, instance: int, name: str)
crates/rusty-bacnet/rusty_bacnet.pyi	1886	method	BACnetServer.add_timer	(self, instance: int, name: str)
crates/rusty-bacnet/rusty_bacnet.pyi	1887	method	BACnetServer.add_load_control	(self, instance: int, name: str)
crates/rusty-bacnet/rusty_bacnet.pyi	1888	method	BACnetServer.add_program	(self, instance: int, name: str)
crates/rusty-bacnet/rusty_bacnet.pyi	1891	method	BACnetServer.add_lighting_output	(self, instance: int, name: str)
crates/rusty-bacnet/rusty_bacnet.pyi	1892	method	BACnetServer.add_binary_lighting_output	(self, instance: int, name: str)
crates/rusty-bacnet/rusty_bacnet.pyi	1895	method	BACnetServer.add_life_safety_point	(self, instance: int, name: str)
crates/rusty-bacnet/rusty_bacnet.pyi	1896	method	BACnetServer.add_life_safety_zone	(self, instance: int, name: str)
crates/rusty-bacnet/rusty_bacnet.pyi	1899	method	BACnetServer.add_group	(self, instance: int, name: str)
crates/rusty-bacnet/rusty_bacnet.pyi	1900	method	BACnetServer.add_global_group	(self, instance: int, name: str)
crates/rusty-bacnet/rusty_bacnet.pyi	1901	method	BACnetServer.add_structured_view	(self, instance: int, name: str)
crates/rusty-bacnet/rusty_bacnet.pyi	1904	method	BACnetServer.add_access_door	(self, instance: int, name: str)
crates/rusty-bacnet/rusty_bacnet.pyi	1905	method	BACnetServer.add_access_credential	(self, instance: int, name: str)
crates/rusty-bacnet/rusty_bacnet.pyi	1906	method	BACnetServer.add_access_point	(self, instance: int, name: str)
crates/rusty-bacnet/rusty_bacnet.pyi	1907	method	BACnetServer.add_access_rights	(self, instance: int, name: str)
crates/rusty-bacnet/rusty_bacnet.pyi	1908	method	BACnetServer.add_access_user	(self, instance: int, name: str)
crates/rusty-bacnet/rusty_bacnet.pyi	1909	method	BACnetServer.add_access_zone	(self, instance: int, name: str)
crates/rusty-bacnet/rusty_bacnet.pyi	1910	method	BACnetServer.add_credential_data_input	(self, instance: int, name: str)
crates/rusty-bacnet/rusty_bacnet.pyi	1911	method	BACnetServer.add_alert_enrollment	(self, instance: int, name: str, initial_source: ObjectIdentifier)
crates/rusty-bacnet/rusty_bacnet.pyi	1914	method	BACnetServer.add_event_enrollment	(self, instance: int, name: str, event_type: int=0)
crates/rusty-bacnet/rusty_bacnet.pyi	1917	method	BACnetServer.add_elevator_group	(self, instance: int, name: str)
crates/rusty-bacnet/rusty_bacnet.pyi	1918	method	BACnetServer.add_escalator	(self, instance: int, name: str)
crates/rusty-bacnet/rusty_bacnet.pyi	1919	method	BACnetServer.add_lift	(self, instance: int, name: str, num_floors: int)
crates/rusty-bacnet/rusty_bacnet.pyi	1920	method	BACnetServer.add_staging	(self, instance: int, name: str, present_value: float, min_present_value: float, units: int, priority_for_writing: int, stages: list[tuple[float, list[bool], float]], target_references: list[ObjectIdentifier], stage_names: list[str] | None=None)
crates/rusty-bacnet/rusty_bacnet.pyi	1935	method	BACnetServer.add_averaging	(self, instance: int, name: str)
crates/rusty-bacnet/rusty_bacnet.pyi	1938	method	BACnetServer.add_integer_value	(self, instance: int, name: str)
crates/rusty-bacnet/rusty_bacnet.pyi	1939	method	BACnetServer.add_positive_integer_value	(self, instance: int, name: str)
crates/rusty-bacnet/rusty_bacnet.pyi	1940	method	BACnetServer.add_large_analog_value	(self, instance: int, name: str)
crates/rusty-bacnet/rusty_bacnet.pyi	1941	method	BACnetServer.add_character_string_value	(self, instance: int, name: str)
crates/rusty-bacnet/rusty_bacnet.pyi	1942	method	BACnetServer.add_octet_string_value	(self, instance: int, name: str)
crates/rusty-bacnet/rusty_bacnet.pyi	1943	method	BACnetServer.add_bit_string_value	(self, instance: int, name: str)
crates/rusty-bacnet/rusty_bacnet.pyi	1946	method	BACnetServer.add_accumulator	(self, instance: int, name: str, units: int=62)
crates/rusty-bacnet/rusty_bacnet.pyi	1947	method	BACnetServer.add_pulse_converter	(self, instance: int, name: str, units: int=62)
crates/rusty-bacnet/rusty_bacnet.pyi	1950	method	BACnetServer.add_file	(self, instance: int, name: str, file_type: str='application/octet-stream')
crates/rusty-bacnet/rusty_bacnet.pyi	1951	method	BACnetServer.set_file_access_method	(self, /, instance: int, access_method: str)
crates/rusty-bacnet/rusty_bacnet.pyi	1959	method	BACnetServer.set_file_data	(self, /, instance: int, data: bytes)
crates/rusty-bacnet/rusty_bacnet.pyi	1962	method	BACnetServer.get_file_data	(self, /, instance: int)
crates/rusty-bacnet/rusty_bacnet.pyi	1965	method	BACnetServer.set_file_records	(self, /, instance: int, records: list[bytes])
crates/rusty-bacnet/rusty_bacnet.pyi	1968	method	BACnetServer.get_file_records	(self, /, instance: int)
crates/rusty-bacnet/rusty_bacnet.pyi	1971	method	BACnetServer.set_max_file_size	(self, /, instance: int, max_octets: int)
crates/rusty-bacnet/rusty_bacnet.pyi	1978	method	BACnetServer.set_max_record_count	(self, /, instance: int, max_records: int)
crates/rusty-bacnet/rusty_bacnet.pyi	1985	method	BACnetServer.add_network_port	(self, instance: int, name: str, network_type: int=0)
crates/rusty-bacnet/rusty_bacnet.pyi	1988	method	BACnetServer.start	(self)
crates/rusty-bacnet/rusty_bacnet.pyi	1992	method	BACnetServer.stop	(self)
crates/rusty-bacnet/rusty_bacnet.pyi	1996	method	BACnetServer.local_address	(self)
crates/rusty-bacnet/rusty_bacnet.pyi	2001	method	BACnetServer.read_property	(self, object_id: ObjectIdentifier, property_id: PropertyIdentifier, array_index: Optional[int]=None)
crates/rusty-bacnet/rusty_bacnet.pyi	2010	method	BACnetServer.write_property_local	(self, object_id: ObjectIdentifier, property_id: PropertyIdentifier, value: PropertyValue, priority: Optional[int]=None, array_index: Optional[int]=None)
crates/rusty-bacnet/rusty_bacnet.pyi	2021	method	BACnetServer.set_present_value_local	(self, object_id: ObjectIdentifier, value: PropertyValue)
crates/rusty-bacnet/rusty_bacnet.pyi	2037	method	BACnetServer.comm_state	(self)
crates/rusty-bacnet/rusty_bacnet.pyi	2041	method	BACnetServer.dcc_outcome_counters	(self)
crates/rusty-bacnet/rusty_bacnet.pyi	2051	method	BACnetServer.request_admission_counters	(self)
crates/rusty-bacnet/rusty_bacnet.pyi	2063	class	ScHub	()
crates/rusty-bacnet/rusty_bacnet.pyi	2090	method	ScHub.__init__	(self, listen: str, cert: str, key: str, vmac: bytes, ca_cert: Optional[str]=None, *, device_uuid: Optional[Union[bytes, bytearray]]=None)
crates/rusty-bacnet/rusty_bacnet.pyi	2101	method	ScHub.start	(self)
crates/rusty-bacnet/rusty_bacnet.pyi	2105	method	ScHub.stop	(self)
crates/rusty-bacnet/rusty_bacnet.pyi	2109	method	ScHub.address	(self)
crates/rusty-bacnet/rusty_bacnet.pyi	2113	method	ScHub.url	(self)
crates/rusty-bacnet/rusty_bacnet.pyi	260	method	PropertyIdentifier.from_raw	(value: int)
crates/rusty-bacnet/rusty_bacnet.pyi	261	method	PropertyIdentifier.to_raw	(self)
crates/rusty-bacnet/rusty_bacnet.pyi	262	method	PropertyIdentifier.__repr__	(self)
crates/rusty-bacnet/rusty_bacnet.pyi	263	method	PropertyIdentifier.__eq__	(self, other: object)
crates/rusty-bacnet/rusty_bacnet.pyi	264	method	PropertyIdentifier.__hash__	(self)
crates/rusty-bacnet/rusty_bacnet.pyi	267	exception	ErrorClass	()
crates/rusty-bacnet/rusty_bacnet.pyi	280	method	ErrorClass.from_raw	(value: int)
crates/rusty-bacnet/rusty_bacnet.pyi	281	method	ErrorClass.to_raw	(self)
crates/rusty-bacnet/rusty_bacnet.pyi	282	method	ErrorClass.__repr__	(self)
crates/rusty-bacnet/rusty_bacnet.pyi	283	method	ErrorClass.__eq__	(self, other: object)
crates/rusty-bacnet/rusty_bacnet.pyi	284	method	ErrorClass.__hash__	(self)
crates/rusty-bacnet/rusty_bacnet.pyi	287	exception	ErrorCode	()
crates/rusty-bacnet/rusty_bacnet.pyi	429	method	ErrorCode.from_raw	(value: int)
crates/rusty-bacnet/rusty_bacnet.pyi	430	method	ErrorCode.to_raw	(self)
crates/rusty-bacnet/rusty_bacnet.pyi	431	method	ErrorCode.__repr__	(self)
crates/rusty-bacnet/rusty_bacnet.pyi	432	method	ErrorCode.__eq__	(self, other: object)
crates/rusty-bacnet/rusty_bacnet.pyi	433	method	ErrorCode.__hash__	(self)
crates/rusty-bacnet/rusty_bacnet.pyi	436	class	AuditOperation	()
crates/rusty-bacnet/rusty_bacnet.pyi	462	method	AuditOperation.from_raw	(value: int)
crates/rusty-bacnet/rusty_bacnet.pyi	463	method	AuditOperation.to_raw	(self)
crates/rusty-bacnet/rusty_bacnet.pyi	464	method	AuditOperation.__repr__	(self)
crates/rusty-bacnet/rusty_bacnet.pyi	465	method	AuditOperation.__eq__	(self, other: object)
crates/rusty-bacnet/rusty_bacnet.pyi	466	method	AuditOperation.__hash__	(self)
crates/rusty-bacnet/rusty_bacnet.pyi	469	class	EnableDisable	()
crates/rusty-bacnet/rusty_bacnet.pyi	477	method	EnableDisable.from_raw	(value: int)
crates/rusty-bacnet/rusty_bacnet.pyi	478	method	EnableDisable.to_raw	(self)
crates/rusty-bacnet/rusty_bacnet.pyi	479	method	EnableDisable.__repr__	(self)
crates/rusty-bacnet/rusty_bacnet.pyi	480	method	EnableDisable.__eq__	(self, other: object)
crates/rusty-bacnet/rusty_bacnet.pyi	481	method	EnableDisable.__hash__	(self)
crates/rusty-bacnet/rusty_bacnet.pyi	484	class	ReinitializedState	()
crates/rusty-bacnet/rusty_bacnet.pyi	497	method	ReinitializedState.from_raw	(value: int)
crates/rusty-bacnet/rusty_bacnet.pyi	498	method	ReinitializedState.to_raw	(self)
crates/rusty-bacnet/rusty_bacnet.pyi	499	method	ReinitializedState.__repr__	(self)
crates/rusty-bacnet/rusty_bacnet.pyi	500	method	ReinitializedState.__eq__	(self, other: object)
crates/rusty-bacnet/rusty_bacnet.pyi	501	method	ReinitializedState.__hash__	(self)
crates/rusty-bacnet/rusty_bacnet.pyi	504	class	Segmentation	()
crates/rusty-bacnet/rusty_bacnet.pyi	513	method	Segmentation.from_raw	(value: int)
crates/rusty-bacnet/rusty_bacnet.pyi	514	method	Segmentation.to_raw	(self)
crates/rusty-bacnet/rusty_bacnet.pyi	515	method	Segmentation.__repr__	(self)
crates/rusty-bacnet/rusty_bacnet.pyi	516	method	Segmentation.__eq__	(self, other: object)
crates/rusty-bacnet/rusty_bacnet.pyi	517	method	Segmentation.__hash__	(self)
crates/rusty-bacnet/rusty_bacnet.pyi	520	class	EventState	()
crates/rusty-bacnet/rusty_bacnet.pyi	531	method	EventState.from_raw	(value: int)
crates/rusty-bacnet/rusty_bacnet.pyi	532	method	EventState.to_raw	(self)
crates/rusty-bacnet/rusty_bacnet.pyi	533	method	EventState.__repr__	(self)
crates/rusty-bacnet/rusty_bacnet.pyi	534	method	EventState.__eq__	(self, other: object)
crates/rusty-bacnet/rusty_bacnet.pyi	535	method	EventState.__hash__	(self)
crates/rusty-bacnet/rusty_bacnet.pyi	538	class	EnrollmentSummaryEventStateFilter	()
crates/rusty-bacnet/rusty_bacnet.pyi	548	method	EnrollmentSummaryEventStateFilter.from_raw	(value: int)
crates/rusty-bacnet/rusty_bacnet.pyi	549	method	EnrollmentSummaryEventStateFilter.to_raw	(self)
crates/rusty-bacnet/rusty_bacnet.pyi	550	method	EnrollmentSummaryEventStateFilter.__repr__	(self)
crates/rusty-bacnet/rusty_bacnet.pyi	551	method	EnrollmentSummaryEventStateFilter.__eq__	(self, other: object)
crates/rusty-bacnet/rusty_bacnet.pyi	552	method	EnrollmentSummaryEventStateFilter.__hash__	(self)
crates/rusty-bacnet/rusty_bacnet.pyi	555	class	EventType	()
crates/rusty-bacnet/rusty_bacnet.pyi	580	method	EventType.from_raw	(value: int)
crates/rusty-bacnet/rusty_bacnet.pyi	581	method	EventType.to_raw	(self)
crates/rusty-bacnet/rusty_bacnet.pyi	582	method	EventType.__repr__	(self)
crates/rusty-bacnet/rusty_bacnet.pyi	583	method	EventType.__eq__	(self, other: object)
crates/rusty-bacnet/rusty_bacnet.pyi	584	method	EventType.__hash__	(self)
crates/rusty-bacnet/rusty_bacnet.pyi	587	class	MessagePriority	()
crates/rusty-bacnet/rusty_bacnet.pyi	594	method	MessagePriority.from_raw	(value: int)
crates/rusty-bacnet/rusty_bacnet.pyi	595	method	MessagePriority.to_raw	(self)
crates/rusty-bacnet/rusty_bacnet.pyi	596	method	MessagePriority.__repr__	(self)
crates/rusty-bacnet/rusty_bacnet.pyi	597	method	MessagePriority.__eq__	(self, other: object)
crates/rusty-bacnet/rusty_bacnet.pyi	598	method	MessagePriority.__hash__	(self)
crates/rusty-bacnet/rusty_bacnet.pyi	601	class	LifeSafetyOperation	()
crates/rusty-bacnet/rusty_bacnet.pyi	616	method	LifeSafetyOperation.from_raw	(value: int)
crates/rusty-bacnet/rusty_bacnet.pyi	617	method	LifeSafetyOperation.to_raw	(self)
crates/rusty-bacnet/rusty_bacnet.pyi	618	method	LifeSafetyOperation.__repr__	(self)
crates/rusty-bacnet/rusty_bacnet.pyi	619	method	LifeSafetyOperation.__eq__	(self, other: object)
crates/rusty-bacnet/rusty_bacnet.pyi	620	method	LifeSafetyOperation.__hash__	(self)
crates/rusty-bacnet/rusty_bacnet.pyi	627	class	ObjectIdentifier	()
crates/rusty-bacnet/rusty_bacnet.pyi	630	method	ObjectIdentifier.__init__	(self, object_type: ObjectType, instance: int)
crates/rusty-bacnet/rusty_bacnet.pyi	633	method	ObjectIdentifier.object_type	(self)
crates/rusty-bacnet/rusty_bacnet.pyi	636	method	ObjectIdentifier.instance	(self)
crates/rusty-bacnet/rusty_bacnet.pyi	638	method	ObjectIdentifier.__repr__	(self)
crates/rusty-bacnet/rusty_bacnet.pyi	639	method	ObjectIdentifier.__eq__	(self, other: object)
crates/rusty-bacnet/rusty_bacnet.pyi	640	method	ObjectIdentifier.__hash__	(self)
crates/rusty-bacnet/rusty_bacnet.pyi	643	class	BACnetTimeStamp	()
crates/rusty-bacnet/rusty_bacnet.pyi	653	method	BACnetTimeStamp.sequence_number	(value: int)
crates/rusty-bacnet/rusty_bacnet.pyi	657	method	BACnetTimeStamp.time	(hour: int, minute: int, second: int, hundredths: int)
crates/rusty-bacnet/rusty_bacnet.pyi	663	method	BACnetTimeStamp.date_time	(date: tuple[int, int, int, int], time: tuple[int, int, int, int])
crates/rusty-bacnet/rusty_bacnet.pyi	671	method	BACnetTimeStamp.kind	(self)
crates/rusty-bacnet/rusty_bacnet.pyi	676	method	BACnetTimeStamp.value	(self)
crates/rusty-bacnet/rusty_bacnet.pyi	684	method	BACnetTimeStamp.__repr__	(self)
crates/rusty-bacnet/rusty_bacnet.pyi	685	method	BACnetTimeStamp.__eq__	(self, other: object)
crates/rusty-bacnet/rusty_bacnet.pyi	688	class	AuditRecipientDevice	(TypedDict)
crates/rusty-bacnet/rusty_bacnet.pyi	695	class	AuditRecipientAddress	(TypedDict)
crates/rusty-bacnet/rusty_bacnet.pyi	706	class	AuditPropertyReference	(TypedDict)
crates/rusty-bacnet/rusty_bacnet.pyi	711	class	AuditNotificationInput	(TypedDict)
crates/rusty-bacnet/rusty_bacnet.pyi	731	class	AuditNotificationRequestInput	(TypedDict)
crates/rusty-bacnet/rusty_bacnet.pyi	735	class	AuditLogQueryByTargetInput	(TypedDict)
crates/rusty-bacnet/rusty_bacnet.pyi	747	class	AuditLogQueryBySourceInput	(TypedDict)
crates/rusty-bacnet/rusty_bacnet.pyi	759	class	AuditLogQueryRequestInput	(TypedDict)
crates/rusty-bacnet/rusty_bacnet.pyi	772	class	AuditPropertyReferenceResult	(TypedDict)
crates/rusty-bacnet/rusty_bacnet.pyi	777	class	AuditNotification	(TypedDict)
crates/rusty-bacnet/rusty_bacnet.pyi	799	class	AuditLogStatusDatum	(TypedDict)
crates/rusty-bacnet/rusty_bacnet.pyi	804	class	AuditNotificationDatum	(TypedDict)
crates/rusty-bacnet/rusty_bacnet.pyi	809	class	AuditTimeChangeDatum	(TypedDict)
crates/rusty-bacnet/rusty_bacnet.pyi	817	class	AuditLogRecord	(TypedDict)
crates/rusty-bacnet/rusty_bacnet.pyi	822	class	AuditLogRecordResult	(TypedDict)
crates/rusty-bacnet/rusty_bacnet.pyi	827	class	AuditLogQueryAck	(TypedDict)
crates/rusty-bacnet/rusty_bacnet.pyi	833	class	PropertyValue	()
crates/rusty-bacnet/rusty_bacnet.pyi	847	method	PropertyValue.null	()
crates/rusty-bacnet/rusty_bacnet.pyi	849	method	PropertyValue.boolean	(value: bool)
crates/rusty-bacnet/rusty_bacnet.pyi	851	method	PropertyValue.unsigned	(value: int)
crates/rusty-bacnet/rusty_bacnet.pyi	853	method	PropertyValue.signed	(value: int)
crates/rusty-bacnet/rusty_bacnet.pyi	855	method	PropertyValue.real	(value: float)
crates/rusty-bacnet/rusty_bacnet.pyi	857	method	PropertyValue.double	(value: float)
crates/rusty-bacnet/rusty_bacnet.pyi	859	method	PropertyValue.character_string	(value: str)
crates/rusty-bacnet/rusty_bacnet.pyi	861	method	PropertyValue.octet_string	(value: bytes)
crates/rusty-bacnet/rusty_bacnet.pyi	863	method	PropertyValue.enumerated	(value: int)
crates/rusty-bacnet/rusty_bacnet.pyi	865	method	PropertyValue.object_identifier	(oid: ObjectIdentifier)
crates/rusty-bacnet/rusty_bacnet.pyi	867	method	PropertyValue.date	(year: int, month: int, day: int, day_of_week: int)
crates/rusty-bacnet/rusty_bacnet.pyi	871	method	PropertyValue.time	(hour: int, minute: int, second: int, hundredths: int)
crates/rusty-bacnet/rusty_bacnet.pyi	875	method	PropertyValue.bit_string	(unused_bits: int, data: bytes)
crates/rusty-bacnet/rusty_bacnet.pyi	879	method	PropertyValue.list	(items: list[PropertyValue])
crates/rusty-bacnet/rusty_bacnet.pyi	883	method	PropertyValue.application_data	(bytes: bytes)
crates/rusty-bacnet/rusty_bacnet.pyi	888	method	PropertyValue.tag	(self)
crates/rusty-bacnet/rusty_bacnet.pyi	895	method	PropertyValue.value	(self)
crates/rusty-bacnet/rusty_bacnet.pyi	899	method	PropertyValue.__repr__	(self)
crates/rusty-bacnet/rusty_bacnet.pyi	900	method	PropertyValue.__eq__	(self, other: object)
crates/rusty-bacnet/rusty_bacnet.pyi	901	method	PropertyValue.__hash__	(self)
crates/rusty-bacnet/rusty_bacnet.pyi	904	class	DiscoveredDevice	()
crates/rusty-bacnet/rusty_bacnet.pyi	908	method	DiscoveredDevice.object_identifier	(self)
crates/rusty-bacnet/rusty_bacnet.pyi	91	method	ObjectType.from_raw	(value: int)
crates/rusty-bacnet/rusty_bacnet.pyi	911	method	DiscoveredDevice.mac_address	(self)
crates/rusty-bacnet/rusty_bacnet.pyi	914	method	DiscoveredDevice.max_apdu_length	(self)
crates/rusty-bacnet/rusty_bacnet.pyi	917	method	DiscoveredDevice.segmentation_supported	(self)
crates/rusty-bacnet/rusty_bacnet.pyi	92	method	ObjectType.to_raw	(self)
crates/rusty-bacnet/rusty_bacnet.pyi	920	method	DiscoveredDevice.vendor_id	(self)
crates/rusty-bacnet/rusty_bacnet.pyi	923	method	DiscoveredDevice.seconds_since_seen	(self)
crates/rusty-bacnet/rusty_bacnet.pyi	926	method	DiscoveredDevice.source_network	(self)
crates/rusty-bacnet/rusty_bacnet.pyi	929	method	DiscoveredDevice.source_address	(self)
crates/rusty-bacnet/rusty_bacnet.pyi	93	method	ObjectType.__repr__	(self)
crates/rusty-bacnet/rusty_bacnet.pyi	931	method	DiscoveredDevice.__repr__	(self)
crates/rusty-bacnet/rusty_bacnet.pyi	934	class	CovNotification	()
crates/rusty-bacnet/rusty_bacnet.pyi	938	method	CovNotification.subscriber_process_identifier	(self)
crates/rusty-bacnet/rusty_bacnet.pyi	94	method	ObjectType.__eq__	(self, other: object)
crates/rusty-bacnet/rusty_bacnet.pyi	941	method	CovNotification.initiating_device_identifier	(self)
crates/rusty-bacnet/rusty_bacnet.pyi	944	method	CovNotification.monitored_object_identifier	(self)
crates/rusty-bacnet/rusty_bacnet.pyi	947	method	CovNotification.time_remaining	(self)
crates/rusty-bacnet/rusty_bacnet.pyi	95	method	ObjectType.__hash__	(self)
crates/rusty-bacnet/rusty_bacnet.pyi	950	method	CovNotification.delivery	(self)
crates/rusty-bacnet/rusty_bacnet.pyi	953	method	CovNotification.source_mac	(self)
crates/rusty-bacnet/rusty_bacnet.pyi	956	method	CovNotification.source_network	(self)
crates/rusty-bacnet/rusty_bacnet.pyi	959	method	CovNotification.source_address	(self)
crates/rusty-bacnet/rusty_bacnet.pyi	962	method	CovNotification.values	(self)
crates/rusty-bacnet/rusty_bacnet.pyi	966	method	CovNotification.__repr__	(self)
crates/rusty-bacnet/rusty_bacnet.pyi	969	class	CovNotificationIterator	()
crates/rusty-bacnet/rusty_bacnet.pyi	972	method	CovNotificationIterator.__aiter__	(self)
crates/rusty-bacnet/rusty_bacnet.pyi	973	method	CovNotificationIterator.__anext__	(self)
crates/rusty-bacnet/rusty_bacnet.pyi	98	class	PropertyIdentifier	()
crates/rusty-bacnet/rusty_bacnet.pyi	980	exception	BacnetError	(Exception)
crates/rusty-bacnet/rusty_bacnet.pyi	984	exception	BacnetProtocolError	(BacnetError)
crates/rusty-bacnet/rusty_bacnet.pyi	994	exception	BacnetTimeoutError	(BacnetError)
crates/rusty-bacnet/rusty_bacnet.pyi	998	exception	BacnetRejectError	(BacnetError)
crates/rusty-bacnet/src/errors.rs	10	exception	BacnetTimeoutError	(PyO3 create_exception)
crates/rusty-bacnet/src/errors.rs	11	exception	BacnetRejectError	(PyO3 create_exception)
crates/rusty-bacnet/src/errors.rs	12	exception	BacnetAbortError	(PyO3 create_exception)
crates/rusty-bacnet/src/errors.rs	8	exception	BacnetError	(PyO3 create_exception)
crates/rusty-bacnet/src/errors.rs	9	exception	BacnetProtocolError	(PyO3 create_exception)
examples/python/bip_client_server.py	23	function	main	()
examples/python/cov_subscriptions.py	21	function	main	()
examples/python/device_management.py	25	function	main	()
examples/python/ipv6_client_server.py	21	function	main	()
examples/python/mstp_mini_device.py	28	function	parse_args	()
examples/python/mstp_mini_device.py	63	function	main	()
examples/python/sc_secure_connect.py	41	function	main	()
scripts/generate-conformance-docs.py	114	function	bibbs_draft	(data: dict)
scripts/generate-conformance-docs.py	133	function	generated	(data: dict)
scripts/generate-conformance-docs.py	141	function	main	()
scripts/generate-conformance-docs.py	21	function	load_ledger	()
scripts/generate-conformance-docs.py	26	function	header	(title: str)
scripts/generate-conformance-docs.py	35	function	md_list	(items: list[str])
scripts/generate-conformance-docs.py	39	function	support_summary	(data: dict)
scripts/generate-conformance-docs.py	81	function	pics_draft	(data: dict)
website/examples/python/loopback_lab.py	19	function	parse_args	(argv: list[str] | None=None)
website/examples/python/loopback_lab.py	32	function	check_version	()
website/examples/python/loopback_lab.py	41	function	require_local_address	(address: str)
website/examples/python/loopback_lab.py	49	function	run_lab	(args: argparse.Namespace)
website/examples/python/loopback_lab.py	90	function	main	()
